<?xml version="1.0" encoding="UTF-8" standalone="yes"?>
<addon id="service.nfo.watchedstate.updater_axbmcuser" name="NFO Watchedstate Updater (axbmcuser MOD)" version="1.1.12" provider-name="4lb3rtO, axbmcuser (MOD+FIX)">
	<requires>
		<!-- Those are the version on final release. Just depend on the python version for Betas/RCs -->
		<import addon="xbmc.python" version="2.19.0"/>		
		<import addon="xbmc.json"   version="6.20.0"/>
		<import addon="xbmc.addon"  version="14.0.0"/>
	</requires>
	<extension point="xbmc.service" library="default.py" start="login"/>
	<extension point="xbmc.addon.metadata">
		<summary lang="en">Watchedstate .NFO Updater</summary>
		<description lang="en">This addon writes the watchedstate to the corresponding .nfo file as soon as it updated within the KODI library.</description>
		<platform>all</platform>
		<license/>
		<forum>http://forum.kodi.tv/showthread.php?tid=242892</forum>
		<website/>
		<email/>
		<source/>
		<news>[B]1.1.12[/B] (2016-08-05)
- Minor cleanup

[B]1.1.11[/B] (2016-08-03)
- Minor cleanup

[B]1.1.10[/B] (2016-07-23)
- axbmcuser MOD: Fix for KODI 17 (Krypton): "videolibrary" renamed to "Videos" [default.py]
		</news>
		<assets>
			<icon>resources/icon.png</icon>
		</assets>
	</extension>
</addon>
